STUDENT_ID,STUDENT_NAME,GENDER,EMAIL
1320,Jessica Padilla,F,donna26@yahoo.com
8159,Wendy Murphy,F,holtdavid@yahoo.com
9596,Anthony Nichols,M,rachelbrown@hotmail.com
962,Joshua Grant,M,ypierce@gmail.com
6422,Dr. Noah Coleman MD,M,mariahwright@yahoo.com
894,Stephanie Hamilton,F,allenmendez@gmail.com
8636,Benjamin Wilcox,M,elliottamanda@hotmail.com
6711,Michael Pena,M,adammaddox@yahoo.com
8445,Anna Baxter,F,agiles@yahoo.com
7453,Andrew Johnson,M,whunter@gmail.com
9695,Benjamin Parks,M,usmith@gmail.com
4289,Heather Mitchell,F,matthew59@yahoo.com
9699,Audrey Bennett,F,slynch@yahoo.com
6677,Yolanda Ali,F,molinajames@yahoo.com
4976,Brandy Lang,F,waynebruce@hotmail.com
4432,Michael Austin,M,yrichards@yahoo.com
6782,Amber Hernandez,F,qparks@yahoo.com
9214,Caroline Wagner,F,amy37@hotmail.com
4144,Dr. Justin Smith,M,thomas60@gmail.com
6249,Ronald Taylor,M,walter25@hotmail.com
2390,Benjamin Flores,M,sperez@gmail.com
4382,Cody Gordon,M,boonepaul@gmail.com
4715,Jimmy Kline,M,stevenvalencia@yahoo.com
1713,Caleb Gallegos,M,tara57@gmail.com
8983,Alexandra Collins,F,simpsonbrittney@yahoo.com
3009,Benjamin Collins,M,brandonmiller@hotmail.com
9707,Shelley Russell,F,moorejohn@gmail.com
5211,Nicholas Stanley,M,nmyers@hotmail.com
2694,David Alvarez,M,jessica64@hotmail.com
7697,Susan Ortiz,F,nortonjennifer@gmail.com
1840,Autumn West,F,parkererik@gmail.com
4000,Christine Carter,F,rebeccahaynes@gmail.com
679,Dennis Gomez,M,zfuller@gmail.com
7319,Rachel Daniels,F,robertgibbs@yahoo.com
367,Donald Brown,M,medinamelissa@hotmail.com
5117,Parker Bender,M,zhuffman@yahoo.com
7641,Madison Noble,F,sally06@gmail.com
1228,Christopher Mendez,M,juanmiller@hotmail.com
4839,Andrew Johnson,M,ucarter@gmail.com
1963,Kelly Woods,F,smithgabrielle@gmail.com
4116,Joshua Vasquez,M,bennetttina@gmail.com
3496,Kelly Thompson,F,vancepenny@hotmail.com
9102,David Caldwell,M,cody54@hotmail.com
4908,Adrian Koch,M,pjenkins@gmail.com
1763,Joshua Arnold,M,youngcatherine@gmail.com
4110,Kevin Pittman,M,garciadavid@gmail.com
1400,Catherine Love,F,kennethlucas@yahoo.com
5340,Melissa Ferguson,F,kevin94@hotmail.com
5837,Nicole Gonzalez,F,stephaniemoore@yahoo.com
6007,Stephen Jackson,M,scottnicholson@yahoo.com
8680,Garrett Mason,M,cynthia52@yahoo.com
911,Robin Brown,F,christopher23@yahoo.com
971,Danielle Jacobson,F,lboone@gmail.com
9922,Benjamin Hamilton,M,matthew67@hotmail.com
2598,Willie Ramirez,M,scottlinda@hotmail.com
1479,Kathleen Suarez,F,jerome41@yahoo.com
5059,Christine Miller,F,btaylor@gmail.com
9333,Cynthia Velez,F,wfoster@gmail.com
8306,Dustin Robertson,M,vlewis@yahoo.com
3510,Richard Higgins,M,vdouglas@yahoo.com
2149,Andrew Miller,M,kathrynclay@hotmail.com
7868,Jason Carter,M,sarah36@hotmail.com
6527,Amy Murray,F,deanjoshua@gmail.com
4639,Curtis Mack,M,steven18@gmail.com
6705,Vincent Johnson,M,knightashley@yahoo.com
9201,Danielle Walters,F,austinsimpson@yahoo.com
5857,Courtney Vega,F,kevinshaw@hotmail.com
1491,Amy Dunn,F,wigginsmarcus@gmail.com
9640,Angela Brady,F,bryan45@hotmail.com
3940,Mary Wilson,F,lnash@gmail.com
9806,Mr. Todd Garcia,M,josephnguyen@hotmail.com
3619,Matthew Hopkins,M,wattslaura@yahoo.com
311,Elaine Schultz,F,lwarren@hotmail.com
7374,Dawn Haley,F,ashleybarrett@gmail.com
2356,Jessica Hall,F,mitchelldaniel@yahoo.com
507,William Newton,M,charles86@gmail.com
5907,Heather Villa,F,smithlauren@hotmail.com
3754,Diana Clarke,F,vgutierrez@yahoo.com
518,Katie Le,F,elizabethkline@hotmail.com
6540,Wayne Jackson,M,gailhowell@hotmail.com
3197,Colleen Wilson,F,brent13@yahoo.com
2544,Alexander Carter,M,zreynolds@gmail.com
8580,Dalton Thomas,M,heather17@gmail.com
866,Zachary Peterson,M,nicholas87@hotmail.com
4941,Nicholas Brooks,M,qburns@hotmail.com
9529,Gina Taylor,F,anthony57@hotmail.com
1602,Amy Pitts,F,christianbradley@hotmail.com
3542,Kristy Kim,F,devin99@yahoo.com
3776,Gabriella Chapman,F,waltonsara@gmail.com
3416,Tara Hall,F,ywheeler@yahoo.com
3372,Rebecca Marks,F,richardchapman@hotmail.com
8187,Michael Reynolds,M,ajones@hotmail.com
3185,Alyssa Diaz,F,jamesdarren@yahoo.com
6190,Michael Phelps,M,wblake@yahoo.com
9659,Ian Weber,M,samuel61@hotmail.com
6442,Diana Hunt,F,gcooper@gmail.com
1241,Bethany Turner,F,melanieblanchard@yahoo.com
3039,Michele Mcclure,F,vcox@gmail.com
5175,Gregory Mendoza,M,lawrencehall@gmail.com
4897,Jeremy Huynh,M,daniel09@hotmail.com
4516,Mark George,M,timothy96@yahoo.com
870,Kathryn Johnson,F,fscott@yahoo.com
93,Maria Clark,F,hallangela@yahoo.com
2406,Angela David,F,hwilliams@yahoo.com
2753,Andrew Perez,M,evancox@yahoo.com
9294,Rebecca Mason,F,brandivalenzuela@yahoo.com
5758,Pam Brown,F,davisbryan@hotmail.com
5999,Charles George,M,dennis66@hotmail.com
3191,Stacey Alvarado,F,michael20@gmail.com
1773,Amanda Morales,F,oglass@gmail.com
324,Timothy Larson,M,michaelclark@yahoo.com
2400,Nicholas Bradley,M,harveyemma@yahoo.com
1574,Amanda Johnson,F,madison69@hotmail.com
7911,Gary Washington,M,irobinson@hotmail.com
9840,Elizabeth Ellis,F,barneslauren@yahoo.com
23,Jonathan Romero,M,shawnguerra@gmail.com
7595,Stacy Griffith,F,phillipduffy@hotmail.com
6097,Eric Parker,M,mmelton@hotmail.com
1134,John Williams,M,xdunn@gmail.com
5339,Chelsea Cruz,F,meganberg@gmail.com
7267,Shaun Gilbert,M,laurenmora@yahoo.com
1424,Charles Carr,M,davisdaniel@yahoo.com
1450,Emily Ellis,F,rbrown@yahoo.com
6021,Daniel Ward,M,mcculloughelizabeth@yahoo.com
4734,Melissa Briggs,F,bullockbrooke@hotmail.com
8431,Jeff Baker,M,ashley46@hotmail.com
3692,Austin Vasquez,M,anthonyholmes@gmail.com
543,Michael Miller,M,josephskinner@hotmail.com
7764,Tyler Jackson,M,christopher57@yahoo.com
1478,Antonio Wong,M,martinmichelle@hotmail.com
6553,Elaine Lee,F,jhopkins@gmail.com
9801,Nicholas Rice,M,brownlaura@gmail.com
4545,Monica Hernandez,F,susan94@gmail.com
4041,Patricia White,F,hchen@hotmail.com
5278,Trevor Morales,M,bhinton@yahoo.com
5996,Jamie Key,F,jenniferandrews@hotmail.com
418,Jose Mcpherson DDS,M,jose96@yahoo.com
8249,Leah Keller,F,johnmiller@hotmail.com
362,Mark Price,M,whiteglen@gmail.com
8102,Ernest Howe,M,jeffrey12@yahoo.com
4770,Peter Adkins,M,kimsmith@yahoo.com
6653,Sheila Moran,F,swright@hotmail.com
5154,Cameron Acosta,M,richard53@yahoo.com
4433,Justin Bartlett,M,melanieguzman@hotmail.com
4319,Sean Dougherty,M,matthew84@gmail.com
4108,Nathan Armstrong,M,bholden@yahoo.com
526,Melissa Miller,F,pgaines@gmail.com
3008,David Dean,M,robertjordan@yahoo.com
157,Madeline Howard,F,millersteven@yahoo.com
1233,Sharon Martinez,F,mcleanmadeline@yahoo.com
2610,Nicole Gutierrez,F,dfoster@hotmail.com
9947,Brian Torres,M,smithstephanie@gmail.com
3444,Miguel Greene,M,andreaharris@hotmail.com
8756,Phillip Conway,M,jason69@hotmail.com
9236,Christina Jones,F,edwinbennett@gmail.com
4576,Todd Jones,M,bakercarrie@yahoo.com
1352,Daniel Barker,M,ycarter@yahoo.com
8540,Robert Lee,M,mlawrence@yahoo.com
1647,Jennifer Johnson,F,cstone@yahoo.com
8234,Victoria Clark DVM,F,davidrodriguez@yahoo.com
6177,Joseph Huang,M,lturner@yahoo.com
70,Rebecca Hamilton,F,phelpskevin@hotmail.com
266,Kimberly Taylor,F,jill28@yahoo.com
6182,Jacqueline Johnson,F,villatracy@hotmail.com
3163,Vicki Nicholson,F,hmendez@yahoo.com
6342,Monique Khan,F,madisonyoung@yahoo.com
7096,Christopher Campbell DDS,M,bradleypotter@gmail.com
1242,Marc Cooper,M,odouglas@gmail.com
8334,Joseph Miller,M,joshua56@gmail.com
3835,Andrew Bell,M,markoliver@yahoo.com
3977,Amy Hernandez,F,nataliewalker@hotmail.com
6978,William Lee,M,zblack@hotmail.com
8853,Michael Rhodes,M,ojohnson@gmail.com
6092,William Murray,M,michael65@gmail.com
2387,Robert Camacho,M,wmiller@yahoo.com
1887,Robyn Anderson,F,woodcody@yahoo.com
6808,Scott Rhodes,M,william79@yahoo.com
7353,Paige Tran,F,marquezamanda@gmail.com
2114,Cynthia Miller,F,rebecca50@hotmail.com
6535,David Vasquez,M,brandon19@gmail.com
1172,Michael Miller,M,robinsoncharles@yahoo.com
8978,Michael Bishop,M,anthony31@gmail.com
2443,Gerald Jackson,M,garygarza@gmail.com
4325,Christine Rogers,F,hamiltonbrandon@yahoo.com
7641,Candice Cox,F,nmunoz@hotmail.com
7884,Aaron West,M,zwood@hotmail.com
5984,Michael Stout,M,kgood@yahoo.com
1808,Phillip Henderson,M,tracey73@yahoo.com
6998,Richard Flynn,M,jtaylor@yahoo.com
674,Zachary Murphy,M,campbellkelly@gmail.com
4792,Nicholas King,M,alexandra76@hotmail.com
7055,David Adams,M,daltonmichael@yahoo.com
5889,Mark Nicholson,M,angela73@hotmail.com
9024,Chad Lee,M,marywilson@gmail.com
8538,Joseph Mcdonald,M,gjones@gmail.com
1912,Jason Ayala,M,brandonscott@hotmail.com
4403,Catherine May,F,ericwise@yahoo.com
1188,Melanie Pittman,F,stevensmith@gmail.com
7306,Terry Green,M,vvaughn@yahoo.com
9018,Jacob Reynolds,M,tammyherrera@yahoo.com
3738,Julia Green,F,xho@yahoo.com
886,Curtis Nunez,M,charlesberry@hotmail.com
4593,Jennifer Gilmore,F,znorris@yahoo.com
2182,Norma Wood,F,stephensmary@gmail.com
2588,Brandon Taylor,M,anthony56@hotmail.com
7808,Colleen Cox,F,collinsanthony@hotmail.com
1791,Charles Daugherty,M,williamdavis@gmail.com
9310,Robert Ruiz,M,kaitlynpierce@yahoo.com
1685,Anna Ford,F,nathanholt@yahoo.com
3353,Stacey Phillips,F,jordan41@gmail.com
5460,James Garza,M,renee63@yahoo.com
1950,Erin Anderson,F,kristybaker@gmail.com
6639,Joshua Davidson,M,melissamiller@gmail.com
7381,James Johnson,M,erinrivera@gmail.com
9629,Christopher Hicks,M,sandra26@yahoo.com
9996,Alexis Thomas,F,alyssa08@hotmail.com
4163,Keith Phillips,M,wolfdavid@hotmail.com
6168,Brian Bell,M,troy55@yahoo.com
8332,Tiffany Chapman,F,dsharp@hotmail.com
9664,Alexander Olson,M,ypalmer@hotmail.com
2585,Angel Hernandez,M,jason46@gmail.com
8320,Raven Valenzuela,F,paul84@gmail.com
1823,Ashley Carney,F,zhahn@gmail.com
6566,Donald Lynch,M,leslie11@yahoo.com
7463,Ruben Rice,M,lisamadden@hotmail.com
988,Jessica Sandoval,F,kendrabaird@yahoo.com
3291,Jeremy Coleman,M,kimberly01@gmail.com
6923,Shelby Lawson,F,bishopkristin@yahoo.com
8054,Gabriel Johnson,M,jordanamanda@hotmail.com
7582,Cynthia Osborne,F,dwaynebenitez@gmail.com
5108,Daniel Hernandez,M,fletchershelley@yahoo.com
5508,Kristina Conley,F,cfitzgerald@gmail.com
9701,Andrea Garza,F,icarroll@hotmail.com
4092,Karen Green,F,rbush@hotmail.com
9742,Molly Benson,F,kevinsexton@gmail.com
3923,Matthew Sosa,M,shayes@hotmail.com
186,Melissa Miller,F,christopher75@hotmail.com
1820,Edward Weaver,M,jmurphy@gmail.com
2906,Michael Powell MD,M,jromero@yahoo.com
7625,Stephanie Daniels,F,kathysalazar@gmail.com
19,Rachel Roberts,F,kurtchen@gmail.com
1854,Hannah Russell,F,erojas@hotmail.com
5849,Brandon Diaz,M,ianwolfe@gmail.com
8705,Bruce Hernandez,M,awallace@yahoo.com
9921,Theresa Diaz,F,lcarson@yahoo.com
5460,Kelly Adams,F,christopherreeves@yahoo.com
5301,Michael Webb,M,evelynwolfe@gmail.com
8609,John Boyd,M,julieroach@hotmail.com
82,Scott Harris,M,tammyfrank@hotmail.com
1400,April Barrett,F,tonyhernandez@yahoo.com
1906,Matthew Miller,M,huntjennifer@yahoo.com
9383,David Howard,M,kspears@hotmail.com
2977,Melissa Salazar,F,edwinwatson@hotmail.com
6555,Laura Vargas,F,emacias@yahoo.com
9253,Melissa May,F,autumnburns@yahoo.com
1543,Rachael Peterson,F,tinajones@gmail.com
8538,Douglas Noble,M,joshuacampbell@yahoo.com
1942,Tina Dyer,F,petersoncole@gmail.com
3380,Michelle Warner,F,pperez@yahoo.com
4257,Jessica Morris,F,ckirby@gmail.com
9999,Courtney Holmes,F,lanejustin@hotmail.com
5037,Amber Baxter,F,lorispence@yahoo.com
810,Ronnie Allen,M,wesley11@hotmail.com
4709,Daniel Rhodes,M,catherine73@yahoo.com
5535,Dawn Bowman,F,jonathan32@hotmail.com
5846,George Young,M,christopher47@yahoo.com
9166,Larry Graham,M,jjones@yahoo.com
2991,Lisa Powers,F,qdaniels@hotmail.com
3958,Ruth Duke,F,welchchase@yahoo.com
1858,Robert Curry,M,jeffreynguyen@gmail.com
6111,Christian Barnett,M,ubartlett@yahoo.com
9239,Deanna Pacheco,F,ncurtis@yahoo.com
7809,Jacqueline Novak,F,ndavidson@hotmail.com
2557,Monica Ray,F,jphillips@yahoo.com
3526,Sara Frank,F,tammy39@hotmail.com
4031,Greg Mcdonald,M,qyoung@yahoo.com
6055,Joseph Robinson,M,hesskristen@yahoo.com
7892,Thomas Miles,M,copelandheather@gmail.com
241,Christina Turner,F,marshallnatalie@hotmail.com
9967,Dennis Sparks,M,kimberly83@hotmail.com
1374,Peter Hodges,M,gilbertjames@hotmail.com
3786,Kathleen Orozco,F,clee@gmail.com
3221,Jared Francis,M,blackanthony@yahoo.com
9937,Tyler Conley,M,garrett83@gmail.com
3011,Cassie Sanchez,F,lwallace@hotmail.com
7685,Scott Lee,M,wclark@yahoo.com
1741,Melinda Stevens,F,kenneth84@yahoo.com
6225,Matthew Waters,M,petersondavid@yahoo.com
6108,Austin Fischer DDS,M,littledaniel@gmail.com
9026,Mario Webster,M,pnorris@yahoo.com
5621,Daniel Hubbard,M,maria53@gmail.com
7264,Victor Allen,M,mcampbell@hotmail.com
5201,Raven Mcdonald,F,lindsey53@gmail.com
5532,Amy Dunn,F,nataliejohnson@hotmail.com
7213,Jessica Alexander,F,bellanthony@yahoo.com
358,James Clark,M,danielsjoshua@yahoo.com
1,Jason Rose,M,fordanthony@gmail.com
4326,Jack Ford,M,stephanienicholson@hotmail.com
6468,Mitchell Wood,M,contrerastimothy@hotmail.com
4192,Christina Mack,F,carsondarren@hotmail.com
7537,Dr. Melvin Reyes,M,murphystacy@yahoo.com
230,Theresa Ford,F,robert96@hotmail.com
5099,Antonio Clayton,M,yolandacole@gmail.com
6031,Renee Gardner,F,pittmanpatrick@gmail.com
8405,Jeremy Morrison,M,christy36@hotmail.com
1527,Patrick Potter,M,moralesjeffrey@gmail.com
8966,Philip Davis,M,hberry@yahoo.com
3940,Whitney Martinez,F,graybrett@yahoo.com
7438,Christine Simon,F,duranjeffrey@yahoo.com
7967,Angela Rosales,F,nicolebrooks@hotmail.com
5990,Alexander Hall,M,knighterika@hotmail.com
9944,Francisco Rivers,M,eric98@hotmail.com
2823,Emily Sanchez,F,cannonsteven@gmail.com
4217,Joyce Horton,F,ojohnson@hotmail.com
4709,Kenneth Cummings,M,robertsmatthew@gmail.com
5014,Thomas Richards,M,stephen32@hotmail.com
9205,Caroline Harris,F,shirleycosta@hotmail.com
3408,James Brown,M,david25@gmail.com
8330,Kevin Anderson,M,thompsonkaren@gmail.com
1776,Spencer Allen,M,dorothyhughes@yahoo.com
2497,Joel Coleman,M,mariasmith@hotmail.com
2856,Donna Howell,F,smithbrent@yahoo.com
5187,Lucas Joyce,M,bdaniel@yahoo.com
4393,Sarah Banks,F,dakotacompton@hotmail.com
318,Lance Mercado,M,dchandler@yahoo.com
2841,Susan Harris,F,iparker@hotmail.com
6637,Jessica Williams,F,kimnicholas@hotmail.com
8008,Anthony Thomas,M,pattyhernandez@yahoo.com
4125,William Neal,M,jaimelambert@yahoo.com
6346,Michael Rasmussen,M,collinsronald@hotmail.com
7772,Carrie Bailey,F,derrickjohnson@hotmail.com
3581,Gregory Parker,M,kirkjulia@yahoo.com
2064,Michael Francis,M,sparkstroy@gmail.com
1600,Dorothy Hayes,F,johnsoncarlos@gmail.com
9695,Linda Norton,F,charleswilliams@gmail.com
9109,Mark Glover,M,sergio46@hotmail.com
7506,Daniel Mahoney,M,laurie48@gmail.com
4888,Trevor Brown,M,michellenovak@hotmail.com
1871,Veronica Oneal MD,F,derekford@hotmail.com
5062,Amy Farley,F,steven39@yahoo.com
9710,Kathryn Smith,F,william37@hotmail.com
7662,Terry Anderson,M,elizabeth50@yahoo.com
8432,Tanner Kirk,M,canturobert@yahoo.com
9941,Jessica Lamb,F,joel09@gmail.com
6629,Debra Evans,F,kayleeherrera@yahoo.com
7977,Vicki Carter,F,carterdylan@yahoo.com
5587,Charles Fischer,M,laura17@gmail.com
1875,Felicia Harmon,F,moorematthew@gmail.com
750,Brandon Smith,M,tiffanyhughes@yahoo.com
6126,Kayla Salazar,F,davidtaylor@gmail.com
3513,Jerome Dalton,M,hrobinson@yahoo.com
5569,Tony Gray,M,ajuarez@yahoo.com
3338,Susan Johnson,F,markevans@yahoo.com
4908,Mary Mahoney DVM,F,garciacindy@hotmail.com
4254,Charles Matthews,M,cschmidt@hotmail.com
6717,Joseph Kennedy,M,martinezkaitlyn@yahoo.com
1,Mariah Ali,F,vbaker@hotmail.com
4233,Gail Rogers,F,jeffery52@hotmail.com
6665,Alexandra Newton,F,garciachelsea@hotmail.com
8078,Melissa Smith,F,uanderson@yahoo.com
2192,Wendy Smith,F,phillipsmith@yahoo.com
2708,David Mendez,M,kjuarez@yahoo.com
4108,Jeffrey Levine,M,samuel95@hotmail.com
8120,Andrew Molina,M,vholland@hotmail.com
8640,Laura Holloway,F,james75@yahoo.com
6752,Marc Cunningham,M,henry69@hotmail.com
1658,Chad Palmer,M,hmiller@gmail.com
7066,Lauren Gray,F,zacharyfreeman@hotmail.com
687,Jeanne Mcdonald,F,nmurphy@hotmail.com
5997,Dylan Arias,M,fhernandez@gmail.com
1188,Kristopher Sanders,M,housejulie@hotmail.com
1853,Derek Mason,M,maria25@yahoo.com
8639,Laura Harper,F,deanna56@yahoo.com
8191,Patrick Bates,M,sheilasmith@hotmail.com
3522,Samantha Brown,F,steven54@hotmail.com
9744,Jerome White,M,gravesmatthew@gmail.com
6224,Mary Henderson,F,oliviadavidson@hotmail.com
7632,Pamela Fields,F,donnacook@gmail.com
187,Justin Ingram,M,jason74@gmail.com
9612,Maria Payne,F,clayton16@yahoo.com
3267,Angela Waters,F,clinemonica@yahoo.com
3518,Haley Johnson,F,chouse@hotmail.com
6404,Lance Gillespie,M,katrina80@gmail.com
5233,Matthew Berry,M,malikramirez@gmail.com
7097,Laura Taylor,F,qwalton@yahoo.com
3883,Michele Webb,F,jstewart@yahoo.com
1792,Joanna Gordon,F,hernandezelijah@hotmail.com
2895,Brent Roy,M,jonesmichelle@hotmail.com
8822,Karen Park,F,thomasjames@hotmail.com
8759,Carlos Stephens,M,lcallahan@yahoo.com
2862,Morgan Fischer,F,iscott@hotmail.com
5223,Jeffery Snyder,M,williamrobertson@gmail.com
8063,Maria Griffin,F,ndalton@gmail.com
247,Shannon Sanchez,F,ofernandez@yahoo.com
5482,Maria Murphy,F,kelsey80@gmail.com
4836,Shaun Grant,M,srussell@hotmail.com
3305,Kelly Mayo,F,monica47@yahoo.com
6698,Carly Cruz,F,linda02@hotmail.com
3362,Wendy Wells,F,paulsanders@hotmail.com
8008,Janet Brown,F,elliottchristopher@gmail.com
5620,Rachael Hamilton,F,qdavis@yahoo.com
7527,Stephen Bell,M,herreracolleen@gmail.com
7975,Amber Hernandez,F,vhenderson@gmail.com
4569,Samantha Schneider,F,christie05@gmail.com
3287,Pamela Cohen,F,lopezpedro@hotmail.com
1793,Adam Wright,M,amanda33@gmail.com
5159,Cassidy Cohen,F,patrickcortez@yahoo.com
4755,Tamara Jenkins,F,hodgesjohn@yahoo.com
7170,Thomas Williams,M,crystal75@yahoo.com
7643,Jordan Ramirez,M,sfields@gmail.com
7234,David Larson,M,sbrown@yahoo.com
6555,Robert Smith,M,laurasanchez@hotmail.com
7640,Colleen Torres,F,lanejason@yahoo.com
6021,Wendy Smith,F,don52@yahoo.com
7389,Heather Hood,F,leslie51@gmail.com
9271,Raymond Austin,M,panderson@gmail.com
1437,Jordan Young,M,wjohnson@hotmail.com
9755,Johnny Singh,M,mendozatiffany@hotmail.com
6370,Nicole Phelps,F,sandersanna@gmail.com
2070,Richard Park,M,sgreen@yahoo.com
1827,Rachael Lutz,F,kevin07@yahoo.com
4510,James Diaz,M,jrobertson@yahoo.com
3977,Anthony Wilson,M,cweber@gmail.com
1144,Adam Frazier,M,boydevan@gmail.com
8161,Michaela Green,F,sotorichard@gmail.com
6813,Kristina Hodge,F,donnaorozco@yahoo.com
4828,Dustin Armstrong DDS,M,dfranklin@gmail.com
3866,Annette Pearson,F,timothyhall@yahoo.com
7952,Adam Evans,M,weisskelly@hotmail.com
7342,Natalie Rush,F,deborahweiss@yahoo.com
6742,William Castro,M,robertcannon@hotmail.com
1084,Scott Watts,M,pamela75@hotmail.com
3736,Ashley Walls,F,peterweber@gmail.com
1887,Amy Garner,F,kstewart@hotmail.com
1680,Gary Walker,M,jenkinsalex@yahoo.com
5339,Kaitlyn Martin,F,antoniojones@gmail.com
3711,Dr. James Schmidt,M,cmartin@yahoo.com
692,Tyler Lowery,M,toddbutler@hotmail.com
2320,Toni Lambert,F,lmartinez@hotmail.com
2514,Jose Gonzalez,M,heather30@gmail.com
7696,Raymond Evans,M,ramirezjasmine@yahoo.com
5348,Richard Cabrera,M,salazarrobert@hotmail.com
6888,Angel Rice,F,paulthomas@yahoo.com
5143,Kimberly Gill,F,mendozaheather@gmail.com
945,John Garcia,M,lhess@gmail.com
7738,Brittany Lawrence,F,brownsharon@gmail.com
5136,Jeremy Taylor,M,pwarren@hotmail.com
6321,Christina Morales,F,adam98@hotmail.com
8690,Ashley Chang,F,waltersryan@gmail.com
8154,Joseph Higgins,M,clayton51@yahoo.com
7130,Jamie Wolfe,F,riveraamy@yahoo.com
1878,Victoria Johnson,F,rachelgriffin@yahoo.com
6288,Victor Nelson,M,keithpatterson@hotmail.com
1825,Matthew Johnson,M,jennifer20@hotmail.com
9230,Tyler Clay,M,hroberts@gmail.com
2299,Billy Hernandez,M,derrick21@yahoo.com
6926,Richard Hughes,M,vestes@gmail.com
4738,Crystal Sanders,F,hmatthews@hotmail.com
1090,Taylor Nielsen,F,rnoble@gmail.com
3452,Laurie Goodwin,F,emily43@yahoo.com
460,Michael Gardner,M,rlong@hotmail.com
1916,Catherine Davis,F,montgomeryjoseph@yahoo.com
7301,Blake Brown,M,boyddana@hotmail.com
4284,Patrick Rodriguez,M,michelle51@yahoo.com
2489,Jacqueline Anderson,F,garrettjefferson@gmail.com
9234,Yolanda Graham,F,klinejennifer@hotmail.com
4796,Trevor Powell,M,mclark@hotmail.com
1100,Michael Alvarez,M,robertahowe@hotmail.com
1389,Ryan Garcia,M,richardstark@yahoo.com
1859,Kristie Sloan,F,gonzalesmelissa@hotmail.com
9614,Kristen Garcia,F,michelle81@gmail.com
9770,Kathy Rojas,F,rachel02@yahoo.com
259,Jason Harvey,M,martinezsarah@hotmail.com
6248,Julie Estes,F,tanyabonilla@gmail.com
3315,Thomas Owens,M,fernando98@yahoo.com
1961,Donna Cardenas,F,jonathanduncan@hotmail.com
18,Shane Pham,M,rebecca43@yahoo.com
1627,Joseph Foster,M,lmooney@yahoo.com
7847,Rebecca Simmons,F,stephen01@hotmail.com
1659,Eileen Harris,F,kshaw@gmail.com
8395,Dakota Mann,M,martinjennifer@hotmail.com
3359,Dr. Joshua Fuentes PhD,M,umora@gmail.com
7790,Michael Bailey,M,jessicaherman@hotmail.com
6785,Mr. Christopher Greer,M,vcurtis@hotmail.com
9040,Melissa Perez,F,zcurtis@hotmail.com
7955,Erika Phillips,F,christopher13@hotmail.com
6278,Gerald Wallace,M,jkennedy@yahoo.com
3752,Gina Wolf,F,nicole32@hotmail.com
3244,Amy Cross,F,friedmansteven@hotmail.com
1518,Dawn Murray,F,simmonstimothy@hotmail.com
779,Paula Gordon,F,elopez@yahoo.com
7421,James Brennan,M,caitlin75@gmail.com
6828,David Gonzalez,M,claudia82@gmail.com
9995,Jennifer Turner,F,philipcox@hotmail.com
1573,Cathy Bennett,F,sarah50@yahoo.com
7672,Thomas Ward,M,charles11@yahoo.com
3989,Zachary Figueroa,M,heather47@hotmail.com
2627,Joseph Wong,M,pfleming@gmail.com
3049,Tommy Fisher,M,trevorvalencia@yahoo.com
5005,Destiny Blackwell,F,philip11@gmail.com
4794,Patricia Guerrero,F,ifarrell@yahoo.com
3582,Pamela Elliott,F,bsullivan@hotmail.com
4752,William Reeves,M,kara45@hotmail.com
185,Edwin Perkins,M,kimberlymartinez@gmail.com
8514,Jeanette Frank,F,eric83@yahoo.com
6490,Mrs. Melissa Edwards PhD,F,mbrown@hotmail.com
1685,Lisa Miller,F,salinastodd@hotmail.com
3144,Melissa Johnson,F,lindsaypatton@gmail.com
6410,James Myers,M,adamdavidson@yahoo.com
7187,Aaron Lopez,M,melanie71@hotmail.com
7387,Toni Johnson PhD,F,oriley@gmail.com
3778,Edward Crane,M,turnerdorothy@yahoo.com
9110,Megan Webster,F,dhines@yahoo.com
7364,Jeffrey Wood,M,william62@hotmail.com
1572,Ryan Long,M,fitzpatrickjessica@hotmail.com
7036,Katie Castaneda,F,marywheeler@hotmail.com
1975,Jasmine Rush DDS,F,rdean@gmail.com
5663,Jason Griffin,M,jerry79@yahoo.com
6708,Yvonne Smith,F,kevinmitchell@yahoo.com
9389,Jordan Hudson,F,whiteamber@hotmail.com
6681,Barbara Perez,F,eric95@gmail.com
2944,George Harris,M,nicholasjohnson@hotmail.com
8182,Jordan Rodriguez,F,erin46@yahoo.com
6311,Edward Perez,M,bhoward@yahoo.com
862,Katie Hammond,F,jenkinsanthony@yahoo.com
2385,Karen Rollins,F,johnsonzachary@hotmail.com
4085,Michael Hurst,M,dillonthomas@yahoo.com
7910,Robert Moss,M,david07@yahoo.com
7042,Walter Murray,M,timothy39@gmail.com
9001,Miss Rebecca Johnson,F,taylor18@hotmail.com
4925,Joseph Castaneda,M,katherineoliver@hotmail.com
273,Brandy Cruz,F,whiterebecca@hotmail.com
6959,Leah Blankenship,F,joseph99@hotmail.com
217,Dawn Pacheco,F,iramirez@hotmail.com
8868,Michael Allison,M,sharper@yahoo.com
8353,Mr. Ronald Simon,M,christopher53@gmail.com
3470,Tanya Jenkins,F,christian00@gmail.com
8481,Jennifer Harris,F,millsmichael@gmail.com
2011,Ms. Kathryn Castillo MD,F,inelson@hotmail.com
5826,Tracy Merritt,F,wyates@gmail.com
119,Mark Kramer,M,sking@yahoo.com
9855,Holly Anderson,F,emoore@yahoo.com
4798,Charles Rivera,M,woodrhonda@gmail.com
3795,Chad Avila,M,johnwebster@hotmail.com
6378,Nicholas Gonzalez,M,sharonrogers@hotmail.com
8653,Peter Gilbert,M,ssingh@hotmail.com
9543,Linda Anderson,F,garciamichelle@hotmail.com
8954,Gerald Wilkins,M,christopher53@hotmail.com
5817,Thomas Gilbert,M,calvinsanchez@gmail.com
7221,Caitlin Rodriguez,F,gibsonjohn@gmail.com
8820,Jennifer Smith,F,jasminekelly@hotmail.com
6335,Jennifer Howard,F,riverajoanne@gmail.com
6123,Andrew Dawson,M,lscott@gmail.com
6556,James Mckenzie,M,sandra41@hotmail.com
7290,Vanessa Sweeney,F,woodsjessica@yahoo.com
6724,Crystal Singh,F,ernest84@yahoo.com
5375,Melinda Hart,F,jeanne68@hotmail.com
7185,Lisa Walsh,F,ecortez@hotmail.com
6705,Kimberly Lewis,F,steven21@gmail.com
3097,David Stafford,M,rachelcochran@yahoo.com
4288,Jacqueline Gonzalez DDS,F,christy74@yahoo.com
6430,Mrs. Joanne Moore,F,jeffrey18@hotmail.com
3716,Cynthia Andrews,F,michaelgreene@gmail.com
1872,Karl Richardson,M,webercameron@gmail.com
3829,Perry Vega,M,debbie63@gmail.com
7104,Tina Anderson,F,jordanzhang@gmail.com
8713,Jeffrey Johnson,M,tara12@hotmail.com
1153,Richard Wilcox,M,william75@hotmail.com
7675,Blake Morgan,M,nrodgers@gmail.com
6245,Kimberly Higgins,F,santiagodavid@yahoo.com
1343,Daniel Terry,M,benjamin38@hotmail.com
7547,Corey Martinez,M,brandon00@yahoo.com
3044,Stephanie Dunn,F,qbartlett@hotmail.com
9882,Timothy Krause,M,james42@yahoo.com
2085,Kelly Hamilton,F,olivia96@gmail.com
1446,Tammy Foley,F,williamskimberly@gmail.com
6063,Eileen Thompson,F,maria66@yahoo.com
3270,Charles Jones,M,darrencolon@gmail.com
7962,Gregory Novak,M,catherine12@gmail.com
5137,Anthony Garza,M,shawn70@hotmail.com
5545,Ethan Jones,M,stephanie96@hotmail.com
4013,Joseph Scott,M,molinarandy@gmail.com
8677,Kathleen Wang,F,nriddle@hotmail.com
9750,Steven Davidson,M,heatherheath@gmail.com
4139,Robert Oneill,M,evanrodriguez@hotmail.com
1121,William Steele Jr.,M,shahmary@yahoo.com
4587,Melanie Parks,F,hrichmond@gmail.com
285,Brandon Ross,M,kingtony@gmail.com
5063,Shelia Hill,F,pgreen@yahoo.com
8422,Jody Lewis,F,ian59@hotmail.com
9306,Vanessa Harmon,F,dlewis@yahoo.com
5974,Timothy Stewart,M,frankmartin@yahoo.com
916,Danielle Martinez,F,lovetracy@yahoo.com
3038,Angela Grant,F,shanemoore@hotmail.com
3773,Roger Cameron,M,ylewis@yahoo.com
4370,Derek Moody,M,shelby49@gmail.com
5772,Dennis Brown,M,jennifer63@hotmail.com
9337,Taylor Sanchez,F,christina10@gmail.com
450,Andrew Higgins,M,michelle69@hotmail.com
9745,Kimberly Tran,F,williamguerrero@yahoo.com
189,Anthony Smith,M,elizabeth94@hotmail.com
670,Alison Burke,F,macktaylor@hotmail.com
4373,Andrew Shelton,M,taylor10@yahoo.com
8401,Samuel Bray,M,fergusonmario@hotmail.com
9739,Tony Jackson,M,andersonemily@hotmail.com
7718,Robert Johnson,M,gregory48@gmail.com
3958,Robin Thompson,F,elizabethnorton@hotmail.com
8576,Kelly Cruz,F,russodouglas@gmail.com
8004,Elizabeth Black,F,fcook@gmail.com
9233,Kathryn Salazar,F,timothyhill@hotmail.com
4652,Sandy Wade,F,brian39@yahoo.com
5732,Jared Meyers,M,adam00@yahoo.com
2802,Billy Osborne,M,kbriggs@gmail.com
6298,Michael King,M,juliejenkins@hotmail.com
9561,Michelle Dickerson,F,robertowilson@gmail.com
7979,Laura Wong,F,allisongutierrez@gmail.com
9026,Mrs. Mary Robinson DDS,F,drew11@hotmail.com
6782,Sandra Williams,F,pamela25@yahoo.com
5245,Robin Olsen,F,richardbarry@gmail.com
4169,Jessica Obrien,F,kimchristopher@hotmail.com
6841,Brianna Ferguson,F,leonardwallace@gmail.com
7640,Megan Carpenter,F,pkennedy@yahoo.com
198,Rodney Warren,M,brian41@hotmail.com
912,Brenda Lyons,F,qthompson@hotmail.com
4264,Brett Smith,M,castillojames@gmail.com
3729,Billy Rodriguez,M,peggywillis@yahoo.com
4990,Denise Payne,F,adkinsarthur@yahoo.com
485,Jamie Lawrence,F,lwilliams@hotmail.com
4110,Marcus Blanchard,M,kennedyjesus@hotmail.com
2745,Carrie Lee,F,gary10@gmail.com
9997,Kimberly Wallace,F,mallen@hotmail.com
6170,Mark Dennis,M,duncanchristopher@hotmail.com
8642,Alexander Williams,M,tim16@hotmail.com
3943,Jessica Mathews,F,deborahrodgers@hotmail.com
980,Rachel Webb,F,burnseric@hotmail.com
4337,William Ray,M,anthonygomez@gmail.com
2728,Sarah Johnson,F,aliciajones@hotmail.com
4490,Katherine Mckee,F,hudsonfrancisco@gmail.com
126,Donna Lewis,F,armstrongkevin@gmail.com
697,Michael Strickland,M,leslie85@hotmail.com
6800,Tammy Gates,F,brownmichael@hotmail.com
5188,Mrs. Jennifer Morgan,F,catherine75@hotmail.com
8178,Kelly Smith,M,xjohnson@gmail.com
6548,Kevin Johnson,M,pwilson@yahoo.com
7088,Kevin Baker,M,susan66@hotmail.com
5705,Aaron Smith,M,rfisher@gmail.com
4272,Grace Williams,F,sara33@hotmail.com
7643,Michelle Bush,F,greenjustin@gmail.com
3837,Marcus West,M,xday@yahoo.com
8666,Justin Collins,M,edwin87@yahoo.com
1064,Christy Butler,F,gmartinez@hotmail.com
2485,Natasha Anthony,F,rachelschmidt@gmail.com
6079,Drew Reese,M,ilester@hotmail.com
5281,Robyn Murphy,F,davilachad@yahoo.com
1921,Judy Harris,F,qvelasquez@hotmail.com
1411,Craig Davis,M,brenda72@gmail.com
8120,Julia Lucero,F,sarah77@yahoo.com
3976,Claire Campbell,F,santosjeremy@yahoo.com
6186,Mrs. Olivia Green,F,bpoole@gmail.com
8571,David Evans,M,patrickclark@gmail.com
6511,Neil Perez,M,gcarlson@yahoo.com
652,Andrea Lyons,F,katelynblack@yahoo.com
2786,Marcus Petersen,M,pamelacolon@gmail.com
9794,Lee Scott,M,jennahorne@gmail.com
3589,Brian Garcia,M,sbender@yahoo.com
6939,Charles Duran,M,john27@hotmail.com
1128,Jennifer Price,F,laurahoward@gmail.com
8836,Michelle Bradford,F,stevesullivan@hotmail.com
2605,Carl Green,M,wolsen@yahoo.com
9556,Terri Preston,F,rachel81@gmail.com
8634,Jonathan Figueroa,M,sherrymiller@gmail.com
2302,Gregory Sparks,M,christopher64@gmail.com
4456,Duane Cox,M,sellersmary@yahoo.com
6800,Jonathan Barr,M,whitedarlene@gmail.com
1345,Nicole Ferguson,F,mbrown@gmail.com
7332,Crystal Miller,F,leonardcharles@yahoo.com
913,Matthew Moody,M,nduncan@hotmail.com
5693,Julie Wiggins,F,larsonmatthew@hotmail.com
9778,Abigail Brown,F,swalker@gmail.com
9374,Jamie Hernandez,F,hallen@gmail.com
2844,Rachel Wilson,F,boydkevin@gmail.com
4339,Debra Stafford,F,julia50@gmail.com
203,David Smith,M,robinsonalisha@gmail.com
5453,Taylor Jordan,F,andrewbuchanan@hotmail.com
6770,Scott Perry,M,gcortez@gmail.com
7091,Amy Johnson,F,dsaunders@gmail.com
1690,Matthew Cox,M,khall@gmail.com
9857,Mariah Benson,F,mary79@hotmail.com
6696,Jennifer Brown,F,schen@yahoo.com
817,Christopher Jackson DDS,M,shawn86@gmail.com
3544,Albert Clay,M,julie69@hotmail.com
6979,Brittany Orozco,F,hartlaurie@yahoo.com
3187,Michael Pineda,M,brownmichael@hotmail.com
5840,Erin Pruitt,F,john68@hotmail.com
6440,Colleen Walker,F,catherinebrown@gmail.com
2644,Victor Mccann,M,xblankenship@yahoo.com
8893,Laura Phelps,F,atkinsmiguel@yahoo.com
2958,Christine Brown,F,melissacarroll@gmail.com
3616,Scott Gutierrez,M,wdixon@hotmail.com
4628,Loretta Washington,F,rebeccalopez@hotmail.com
3377,David Bell,M,brian74@yahoo.com
603,Rachael Harrison,F,jamesmurphy@hotmail.com
3626,Laura Warren,F,gatesruth@yahoo.com
3319,Mr. Eric Mccarty,M,chelseasoto@gmail.com
985,Amber Dunlap,F,joeneal@hotmail.com
5966,Adrian Gibson,M,crystalhuber@gmail.com
4625,Justin Alexander,M,joann09@gmail.com
660,Teresa Anderson,F,benderchristopher@gmail.com
6345,Austin Bush,M,johnstonkayla@gmail.com
9174,Amanda Aguilar,F,jesse44@yahoo.com
2332,Michael Ortega,M,hendersonpatrick@yahoo.com
7055,Joseph Conner,M,codyarnold@hotmail.com
6231,Krystal Johnson,F,wayne79@yahoo.com
78,Robert Frost,M,connorcortez@gmail.com
8161,Sarah Shannon PhD,F,elizabethmorales@yahoo.com
495,Joe Jenkins,M,nguyenjohn@hotmail.com
3475,Matthew Morgan,M,andrewramsey@yahoo.com
9899,Michael Boyd,M,claytonsteven@gmail.com
7965,John Pham,M,newmanheidi@gmail.com
3939,Suzanne Christensen,F,johnfarley@gmail.com
1992,Kevin Bentley,M,carolyork@gmail.com
2832,Amanda Newton,F,sharpmegan@yahoo.com
6366,Stephanie Davis,F,lauren39@yahoo.com
4805,Mary Cruz,F,ruth70@hotmail.com
8420,Emily Burns,F,joshua31@yahoo.com
5325,Cheyenne Sullivan,F,steven27@gmail.com
7423,Cynthia Warren,F,lewisaustin@gmail.com
8094,Danielle Carey,F,donnasullivan@gmail.com
5496,Samuel Blackwell,M,beverlyjames@gmail.com
1445,Brian Wheeler,M,joseph66@hotmail.com
2335,Douglas Merritt,M,anewman@hotmail.com
6696,Brittany Wilkins,F,jean84@hotmail.com
4902,Felicia Gray,F,andrewle@yahoo.com
5701,Anna Freeman,F,doughertynancy@yahoo.com
3353,Laura Padilla,F,simmonsdiane@hotmail.com
4672,Amanda Singh,F,robert40@yahoo.com
3227,Richard Kent,M,areeves@hotmail.com
9125,Patricia Miller,F,joshua11@yahoo.com
5424,George Griffith Jr.,M,nicholasdougherty@hotmail.com
7110,Jerry Kidd,M,msmith@hotmail.com
6241,Nancy Morris,F,zgarcia@gmail.com
4009,Brandy Thompson,F,charlesgates@gmail.com
4875,Nathan Hawkins,M,raymond19@hotmail.com
3640,Jamie Kelly,F,katie26@hotmail.com
6108,Jay Gallegos,M,stacey77@hotmail.com
3397,Melissa Harris,F,karen69@gmail.com
1349,Brian Mitchell,M,danielhays@yahoo.com
8676,Kristen Davis,F,alexis08@gmail.com
5924,Lawrence Cabrera,M,lopezjennifer@yahoo.com
429,Amanda Mccarty,F,butlerdominique@gmail.com
469,Jennifer Parker,F,brian69@hotmail.com
5313,Jessica Stewart,F,rayrussell@gmail.com
6492,James Ballard,M,rgonzalez@gmail.com
5294,Scott Glover,M,foxsamuel@hotmail.com
7194,James Briggs,M,fberg@gmail.com
7397,Michael Roberts,M,liulinda@hotmail.com
9873,Eric Anderson,M,kelleynicholas@gmail.com
22,Phillip Peterson,M,justin19@gmail.com
9057,Leslie Thomas,F,timothylucas@hotmail.com
8140,Mrs. Denise Perry,F,campbellgina@gmail.com
8525,Micheal Nelson,M,martinkevin@gmail.com
8236,Austin James,M,annehale@gmail.com
3790,Travis Ponce,M,henrystacey@gmail.com
9697,Tiffany Mooney,F,xleblanc@gmail.com
3769,Marilyn Guzman,F,williamsjack@gmail.com
3752,Margaret Martin,F,mwebb@hotmail.com
3533,Richard Allen,M,donna21@hotmail.com
4944,Shelby Fuller,F,kelligarcia@gmail.com
9928,Crystal Brown,F,mharris@hotmail.com
2308,Curtis Scott,M,ruthallen@yahoo.com
3447,Todd Hernandez,M,ntownsend@hotmail.com
2258,Kimberly Chapman PhD,F,briannagraham@yahoo.com
9234,Dawn Flores,F,acooper@gmail.com
7615,Mckenzie Branch,F,gonzalesdeborah@hotmail.com
4737,Susan Downs,F,wjones@hotmail.com
962,Paul Bradley,M,jessicaroberts@gmail.com
2872,Michelle Hawkins,F,jclark@yahoo.com
601,Gregory Howard,M,shawnscott@gmail.com
7500,Timothy Wheeler,M,bellnicole@yahoo.com
8474,Shawn Cameron,M,upalmer@hotmail.com
4059,David Baker,M,princejennifer@gmail.com
7632,Krystal Bailey,F,john33@yahoo.com
3893,Bradley Sandoval,M,jason03@gmail.com
9292,Amber Abbott,F,daltonmichelle@gmail.com
8889,David Lee,M,mhunt@gmail.com
9931,Adam Robinson,M,grahamdominique@gmail.com
112,Larry Sharp,M,kgarcia@yahoo.com
7180,Daniel Hughes,M,joshua38@hotmail.com
9881,Gary Adams,M,hbishop@gmail.com
7903,Julie Wallace,F,drew15@gmail.com
9832,Linda Jenkins,F,fisherdanielle@hotmail.com
6612,William Smith,M,holly64@yahoo.com
4266,Corey Gregory,M,catherinejones@yahoo.com
2234,Nicole Pacheco,F,dukedonald@yahoo.com
9196,Kenneth Hahn,M,kjones@yahoo.com
2446,Andrew Ortega,M,hoodjohn@yahoo.com
8585,Christian Gregory,M,xrice@gmail.com
6043,Jordan Hendricks,M,ayersgeorge@hotmail.com
8389,Elizabeth Strong,F,jhunt@hotmail.com
9788,Bethany Thomas,F,annette75@gmail.com
7625,Stephanie Jackson,F,williambrewer@hotmail.com
5090,Elizabeth Gonzalez,F,mcole@yahoo.com
6280,Michaela Maldonado,F,cindyobrien@yahoo.com
5356,Bobby Morgan,M,heidiperkins@hotmail.com
2204,Linda Barry,F,karenwilliams@yahoo.com
9379,Tara Ortiz,F,elopez@hotmail.com
7711,David Franklin,M,dunnjessica@gmail.com
765,Karen Edwards,F,wilsonjason@gmail.com
9930,Veronica Barton,F,kaylasanchez@hotmail.com
8218,Tiffany Lambert,F,philip53@gmail.com
4678,Keith Gardner,M,bruce55@gmail.com
4370,Marc Porter,M,jeffrey98@yahoo.com
3264,Steven Sosa,M,christian24@gmail.com
2017,Brad Wilson,M,haynesshawn@hotmail.com
8266,Eric Russell,M,laura22@yahoo.com
9127,Lawrence Gallegos,M,kristabrown@gmail.com
1609,Ashley Douglas,F,allisoncarr@yahoo.com
8099,Cynthia Sanchez,F,andrew09@yahoo.com
7546,Charlene Richardson,F,heatherjackson@gmail.com
5487,Bradley Bailey,M,olsenmark@yahoo.com
8989,Richard Weaver MD,M,james96@gmail.com
906,Michelle Doyle,F,lorimeadows@hotmail.com
1752,Christopher Lawrence,M,tony83@yahoo.com
8733,Jeremy Salinas,M,lturner@hotmail.com
6850,Eric Brown,M,justin16@hotmail.com
6845,Patrick Burns,M,qdavis@gmail.com
4749,Patrick Richardson MD,M,marshallrobert@yahoo.com
3558,Courtney Zimmerman,F,bsimmons@gmail.com
3719,Paul Barr,M,james41@hotmail.com
52,Tammy Parker,F,diazemily@hotmail.com
6892,Scott Baker,M,michael24@hotmail.com
1206,Barbara Williams,F,mirandajohnson@yahoo.com
2494,Susan Mccall,F,bharris@hotmail.com
8914,Lindsey Murphy,F,acostamelissa@yahoo.com
5473,Cheryl Olson,F,jessica68@yahoo.com
1402,Amy Davis,F,rmiller@yahoo.com
4645,David Moss,M,laura87@gmail.com
2900,David Alvarez,M,richardmitchell@hotmail.com
7308,Brett York,M,zachary81@gmail.com
617,Donald Mcintosh,M,lmorris@yahoo.com
3575,Jill Kelly,F,christopher71@yahoo.com
9927,Bryan Ferrell,M,kburch@yahoo.com
8319,Gregory Oconnor,M,kimmark@yahoo.com
7378,Clifford Peterson,M,cbailey@hotmail.com
7492,Alexis Kennedy,F,mary05@gmail.com
319,Justin Ramirez,M,mandrews@gmail.com
7968,Leslie Cohen,F,scottheidi@gmail.com
4258,Patrick Wall,M,sueberg@gmail.com
1048,Wendy Russell,F,jamie39@yahoo.com
5202,Thomas Lee,M,heathermartinez@hotmail.com
6369,Nancy Hogan,F,cmyers@yahoo.com
5848,Sharon Wilson,F,brandi15@hotmail.com
9860,Shannon Ellison,F,pcohen@yahoo.com
5731,Becky Barnes,F,mitchellmichael@gmail.com
184,Michael Fry,M,belinda62@gmail.com
2950,John Krueger,M,jackstevenson@yahoo.com
6263,David Black,M,davidfrench@gmail.com
932,Jeffery Rivera,M,farcher@gmail.com
392,Erica Coffey,F,danielrice@gmail.com
1006,Joseph Rodriguez,M,justin01@yahoo.com
6772,Amber Clark,F,donaldleblanc@hotmail.com
9451,Mark Higgins,M,katherine97@gmail.com
6653,Wayne Cook,M,kellyprice@yahoo.com
211,Courtney Williams,F,kayleebarnett@yahoo.com
997,Marissa Cunningham,F,newtonjeremy@gmail.com
8795,Kimberly Smith,F,michaelmckay@hotmail.com
8624,Paul Powell,M,vsmith@gmail.com
9290,Albert Bailey,M,ryansilva@yahoo.com
9750,Steven Olson,M,pricenancy@hotmail.com
3281,Marie Whitaker,F,wchapman@yahoo.com
3835,Katie Moore,F,debradickerson@yahoo.com
3258,Matthew Frey,M,allisonmcknight@yahoo.com
5783,Kayla Fernandez,F,wardgerald@hotmail.com
3217,Angela White,F,collinstroy@hotmail.com
5042,Rebecca Cox,F,johnpayne@gmail.com
3494,Joseph Gomez,M,ialexander@hotmail.com
3277,April Henderson,F,sharonhatfield@gmail.com
176,Bryan Ford,M,michellemora@gmail.com
9868,Jeffrey Miller,M,reynoldssally@hotmail.com
6837,Nicole Rodriguez,F,isoto@hotmail.com
1439,Brian Smith,M,heathermorgan@hotmail.com
4947,Marie Griffin,F,edavis@yahoo.com
9780,Kevin Sanchez,M,andresevans@yahoo.com
9277,Lauren Nunez,F,ebonilla@hotmail.com
8986,Sherri Holland,F,joshua37@yahoo.com
5361,Brian Gonzalez,M,james54@gmail.com
3718,Karen Thompson,F,vincentlee@yahoo.com
9706,Brian Lindsey,M,vcarr@hotmail.com
3522,Scott Kennedy,M,erica90@hotmail.com
4192,Misty Santos,F,blackwelltimothy@gmail.com
4873,Terry Scott,M,sarahmckenzie@hotmail.com
4604,Stephanie Alvarado,F,ayersjackson@gmail.com
338,Yolanda Martin,F,hestertracy@yahoo.com
1799,Christine Ross,F,marythomas@yahoo.com
4662,James Gardner,M,michael65@gmail.com
5087,Jenna Novak,F,ronaldturner@hotmail.com
1665,Christopher Mckay,M,clarkdavid@gmail.com
7893,Jackie Michael,F,romeroerin@gmail.com
4496,Alexander Grant,M,kara80@hotmail.com
8071,Paige Harding,F,cantrellkristin@gmail.com
6510,Shirley Taylor MD,F,barnesgeorge@hotmail.com
5581,Michael Robinson PhD,M,sandra45@yahoo.com
3584,Dr. Shawn Burns,M,ufischer@hotmail.com
9813,Morgan Sanchez,F,jennifercurtis@gmail.com
1530,Natasha Hines,F,richardsonanthony@hotmail.com
350,Albert Avila,M,christinabryant@gmail.com
8730,Stephanie Martin,F,hancocktammie@yahoo.com
4562,Leslie Maldonado,F,susan73@gmail.com
7388,Melissa Morales,F,allenjennifer@hotmail.com
7494,Sharon Coffey,F,luisharrison@hotmail.com
3745,Angela Edwards,F,heatherbarnes@yahoo.com
7287,Felicia Huang,F,matthewreynolds@hotmail.com
6630,John Burns,M,stephenpitts@gmail.com
5050,Katrina Gomez,F,mullensandy@gmail.com
2407,Beth Gutierrez,F,carterbriana@yahoo.com
3302,Rachel Bell,F,tphillips@hotmail.com
9199,Dan Baker,M,monica17@hotmail.com
7273,Kim Lopez,F,michellerichards@hotmail.com
4577,Nicholas Clark,M,dylanshepard@hotmail.com
7421,Colleen Snyder,F,megan81@gmail.com
7973,Jason Flowers,M,jessicaschneider@yahoo.com
3614,Alyssa Robertson,F,donna24@yahoo.com
4737,Robert Kelly,M,lisanelson@gmail.com
7233,Philip Cook,M,rsmith@gmail.com
7764,Charles Bryant,M,sandraharris@gmail.com
867,James Armstrong,M,mtorres@yahoo.com
9183,Kimberly Best,F,michaelreid@yahoo.com
4434,Gary Jones,M,beckerjennifer@yahoo.com
317,Dr. Kylie Graves,F,vfriedman@hotmail.com
6723,Zachary Morales,M,carrjoshua@yahoo.com
4988,Roy Daniels,M,david05@hotmail.com
7930,Chad Thomas,M,charles79@hotmail.com
9764,Edwin Silva,M,michellewade@hotmail.com
7003,Justin Warren,M,vbishop@hotmail.com
8024,Kristi Mullen,F,nicoledavis@gmail.com
6582,Barbara Jackson,F,ashley66@hotmail.com
9534,Cody Watkins,M,tmoreno@hotmail.com
1550,Stephanie Townsend,F,hamiltondebbie@yahoo.com
9285,Linda Santos,F,jrobinson@yahoo.com
4045,Marcus Stafford,M,cynthia95@yahoo.com
6459,Melissa Baldwin,F,nvazquez@yahoo.com
45,Keith Black,M,vanessaibarra@hotmail.com
7851,Courtney Bullock,F,webbsabrina@yahoo.com
3553,Daniel Hernandez,M,aberry@yahoo.com
7171,Luke Williams,M,vgreen@yahoo.com
2164,Catherine Mosley,F,keithmonroe@hotmail.com
7223,Lucas Greene,M,ejordan@yahoo.com
2280,Ian Delgado,M,kingemily@hotmail.com
9632,Brenda Berry,F,webercarla@hotmail.com
7364,Jeffery Bennett,M,karen02@yahoo.com
4971,Regina Sanchez,F,burkekatherine@yahoo.com
1946,Carl Lopez,M,sheriblair@hotmail.com
7413,Katelyn Gibson,F,cherylproctor@yahoo.com
181,Kevin Lara,M,briansmith@gmail.com
3518,Dr. Christina Martin,F,maloneanthony@hotmail.com
190,Nathan Murray,M,meredithmiller@yahoo.com
6652,Alexandra Gomez,F,isabella99@yahoo.com
2892,Jessica Erickson,F,chanjason@hotmail.com
5091,Gregory Daniels,M,msnyder@gmail.com
501,Willie Martin,M,stephanie95@yahoo.com
6028,Kimberly Roberts,F,wardnathan@hotmail.com
7982,Olivia Greene,F,sheilawiggins@hotmail.com
4150,Stephen Gibbs,M,johnsdaniel@hotmail.com
1683,Thomas Thornton,M,carteranthony@gmail.com
4746,Joshua Dickerson,M,amandacooper@yahoo.com
6701,Allen George,M,medinanicole@hotmail.com
3551,Briana Cobb,F,lspencer@hotmail.com
7925,Kayla Golden,F,efowler@yahoo.com
9063,Christina Thomas,F,emily06@yahoo.com
7235,James Yu,M,mitchellerin@yahoo.com
8503,Debra Jones,F,ericclay@hotmail.com
1998,Elizabeth Miller,F,tayloranna@yahoo.com
5149,Tracy Casey,F,raven39@gmail.com
613,Joshua Hoffman,M,whayes@yahoo.com
1261,David Moody,M,sthompson@yahoo.com
7548,Troy Delacruz DVM,M,zmichael@hotmail.com
5101,Joshua Thomas,M,bmiller@gmail.com
4239,James Johnston,M,bridgethardy@yahoo.com
5000,Anna Reynolds,F,gerald37@yahoo.com
21,Eric Taylor MD,M,qmiller@hotmail.com
3908,Shannon Chen,F,michelleperkins@gmail.com
1467,Jasmine Turner,F,hnorton@yahoo.com
8769,Karen Mcclure,F,loricosta@hotmail.com
7070,Arthur Stewart,M,summersapril@gmail.com
5334,Joseph Christensen,M,thomas76@gmail.com
8511,Mary Garcia,F,kristinarodriguez@gmail.com
3867,Christopher Jackson,M,michaelavila@yahoo.com
5569,Robert Flores,M,deborahmoore@gmail.com
1352,Eric Miller,M,gordonderek@gmail.com
1658,Jennifer Johnson,F,zhenderson@yahoo.com
4200,Jerry Dorsey,M,kristina52@gmail.com
4369,Veronica Miller,F,kristensimmons@hotmail.com
6386,Alejandro Mcgee,M,kayleehill@yahoo.com
8813,Beth Maldonado,F,brownkeith@gmail.com
6988,Kelly Martinez,F,nelsonjacqueline@yahoo.com
9527,Mark Graves,M,vsnyder@hotmail.com
5831,Tina Miller,F,heather95@hotmail.com
6720,Ann Thomas,F,hwilson@yahoo.com
6367,Paula Day,F,foxrachael@yahoo.com
3727,Kevin Smith,M,ylowe@gmail.com
